{
  	"1": 	{
      		"name": "Coffee House 1",
      		"x": 46.4629101,
      		"y": 122.2449094
   	             },
	"2":	{
     		"name": "Coffee House 2",
     		"x": 37.4629101,
      		"y": -122.2449094
    	},
	"3":	{
     		"name": "Coffee House 3",
     		"x": 54.4987633,
      		"y": -122.2449094
    	}
}