{
    "CoffeeBreaker": {
        "x": 54.18671,
        "y": 45.18383,
        "id": 1
    },
    "Coffee Station": {
        "x": 59.881847,
        "y": 29.912041,
        "id": 2
    },
    "Cafe": {
        "x": 54.6295687,
        "y": 39.7425039,
        "id": 3
    },
    "Coffeepoint": {
        "x": 53.8390051,
        "y": 92.5959955,
        "id": 4
    },
    "Coffee & master": {
        "x": 48.667875,
        "y": 95.554645,
        "id": 5
    },
    "Coffee Berry": {
        "x": 64.9567445,
        "y": 104.5644555,
       "id": 6
    },
    "Coffee Crew": {
        "x": 56.6877954,
        "y": 115.5675445,
        "id": 7
    },
    "Coffee day": {
        "x": 34.6908645,
        "y": 98.7854231,
        "id": 8
    },
    "Coffee mall": {
        "x": 53.7658776,
        "y": 110.7433458,
        "id": 9
    },
    "Coffee Room": {
        "x": 54.7654556,
        "y": 102.5543645,
        "id": 10
    }
}